<project name="buildenvironment" basedir="." default="getAll">

	<!-- HOW TO RUN FROM COMMAND LINE -->

	<!--	
	**** my bat file; this writes a file named GetLatest.log to c:\inetpub\wwwroot ****
	ant -file s:\docs\global\buildscripts\GetLatest.xml -Dusername=MYUSERNAME -Dpassword=MYPASSWORD -Dsrc=c:\inetpub\wwwroot -logfile c:\inetpub\wwwroot\GetLatest.log
	*****
		
	-->

	<target name="init">
		<input message="enter username" addproperty="username" defaultvalue="mesher" />
		<input message="enter password" addproperty="password" defaultvalue="${username}" />
		<input message="enter full path to webroot (like c:\inetpub\wwwroot)" addproperty="src" defaultvalue="c:\inetpub\wwwroot" />

		<property name="vsslogin" value="${username},${password}" />
		<property name="svnlogin" value="${username}" />
		<property name="svnpass" value="${password}" />
		<property name="vssserver" value="R:" />
		<property name="svnserver" value="http://my/svnrepos" />
	</target>

	<target name="getAll" depends="init,getSVN,getVSS" description="updates machine with all VSS and SVN projects" />

	<target name="getVSS" depends="init">
		<vssget localpath="${src}\App1" recursive="true" failonerror="false" writablefiles="skip" filetimestamp="updated" login="${vsslogin}" vsspath="$/App1" serverPath="${vssserver}" />

		<vssget localpath="${src}\App2" recursive="true" failonerror="false" writablefiles="skip" filetimestamp="updated" login="${vsslogin}" vsspath="$/App2" serverPath="${vssserver}" />

		<vssget localpath="${src}\Client1\SomeApp" recursive="true" failonerror="false" writablefiles="skip" filetimestamp="updated" login="${vsslogin}" vsspath="$/Client1/SomeApp" serverPath="${vssserver}" />

	</target>

	<target name="getSVN" depends="init">
		<path id="project.classpath">
			<pathelement location="${ant.home}\lib\svnant.jar" />
			<pathelement location="${ant.home}\lib\svnClientAdapter.jar" />
			<pathelement location="${ant.home}\lib\svnjavahl.jar" />
		</path>
		<taskdef resource="svntask.properties" classpathref="project.classpath" />

		<svn username="${svnlogin}" password="${svnpass}">
			<checkout url="${svnserver}/App4/trunk/SomeDir" destPath="${src}\App4\SomeDir" />

			<checkout url="${svnserver}/App5/trunk/SomeDir" destPath="${src}\App5\SomeDir" />
		</svn>
	</target>
</project>


