<?xml version="1.0" encoding="utf-8"?>
<snippet filetemplate="false" extension="cfm">
<name>mxunitAntTaskExample</name>
<help></help>
<starttext><![CDATA[<?xml version="1.0" encoding="ISO-8859-1"?>

<project name="Sample" basedir="." default="main">

	<target name="main" depends="runtests,junitreport" description="Main target for running the tests." />

	<target name="init">

		<property name="testroot" location="../tests/framework" />
		<property name="componentPath" value="mxunit.tests.framework" />
		<property name="server" value="localhost" />
		<property name="port" value="80" />

		<!-- wherever the mxunit-ant.jar lives -->
		<property name="mxunitant" location="../ant" />
		<property name="mxunitjar" location="${mxunitant}/lib/mxunit-ant.jar" />
		<property name="mxunitxsl" location="${mxunitant}/xsl" />

		<!-- this is where the xml and html will live -->
		<mkdir dir="testresults" />
	</target>

	<target name="runtests" description="Make output directories and run the MXUnit task" depends="init">
		<taskdef name="mxunittask" classname="org.mxunit.ant.MXUnitAntTask" classpath="${mxunitjar}" />
		<mxunittask server="${server}" port="${port}" outputdir="testresults" verbose="true">
			<directory path="${testroot}" recurse="false" packageName="${componentPath}" componentPath="${componentPath}" />
		</mxunittask>
	</target>



	<target name="junitreport" description="Create a report for the rest result" depends="init">
		<mkdir dir="junithtml" />
		<junitreport todir="junithtml">
			<fileset dir="testresults">
				<include name="*.xml" />
			</fileset>
			<report format="frames" todir="junithtml" styledir="${mxunitxsl}" />
		</junitreport>
	</target>

</project>]]></starttext>
<endtext><![CDATA[]]></endtext>
</snippet>