<?xml version="1.0" encoding="utf-8"?>
<snippet filetemplate="false" extension="cfm">
<name>Generic getter and setter</name>
<help></help>
<starttext><![CDATA[<cffunction name="get$${Variable}" access="public" output="false" returntype="$${Type:string|numeric|struct|array|boolean}">
	<cfreturn variables.instance.$${Variable}/>

</cffunction>
<cffunction name="set$${Variable}" access="public" output="false" returntype="void">
	<cfargument name="$${Variable}" type="$${Type:string|numeric|struct|array|boolean}" required="true"/>
	<cfset variables.instance.$${Variable} = arguments.$${Variable}/>
</cffunction>]]></starttext>
<endtext><![CDATA[]]></endtext>
</snippet>