<?xml version="1.0" encoding="utf-8"?>
<snippet filetemplate="false" extension="cfm">
<name>setter</name>
<help>Creates a setter function</help>
<starttext><![CDATA[<cffunction name="set$${property}" access="public" output="false" returntype="void">
	<cfargument name="new$${property}" required="true" type="$${type:boolean|date|numeric|query|string|struct}" />
	<cfset variables.instance.$${property} = arguments.new$${property} />
</cffunction>]]></starttext>
<endtext><![CDATA[]]></endtext>
</snippet>